<?xml version="1.0" encoding="UTF-8" standalone="yes"?>
<addon id="plugin.video.dotinstall" name="dotinstall" version="0.0.2" provider-name="mao2009">
	<requires>
		<import addon="xbmc.python" version="2.1.0"/>
		<import addon="script.module.beautifulsoup4"/>
		<import addon="script.module.takoyaki"/>
	</requires>
	<extension point="xbmc.python.pluginsource" library="addon.py">
		<provides>video</provides>
	</extension>
	<extension point="xbmc.addon.metadata">
		<summary>this addon for learn to programing from dotinstall</summary>
		<platform>all</platform>
		<license>GNU GPL v.2</license>
		<website>https://mao2009.github.io/maorepo/</website>
		<source>https://github.com/mao2009/maorepo</source>
	</extension>
</addon>